{"cameraMode":{"drawMode":0,"name":"Shaded","section":"Shading Mode"},"sceneLighting":true,"audioPlay":false,"sceneViewState":{"m_AlwaysRefresh":false,"showFog":true,"showSkybox":true,"showFlares":true,"showImageEffects":true,"showParticleSystems":true,"showVisualEffectGraphs":true,"m_FxEnabled":true},"in2DMode":false,"pivot":{"x":143.49098205566407,"y":11.833621978759766,"z":249.2294158935547},"rotation":{"x":0.08216353505849838,"y":0.6890889406204224,"z":-0.0791143998503685,"w":0.7156456708908081},"size":15.943161964416504,"orthographic":false}