{"cameraMode":{"drawMode":0,"name":"Shaded","section":"Shading Mode"},"sceneLighting":false,"audioPlay":false,"sceneViewState":{"m_AlwaysRefresh":false,"showFog":false,"showSkybox":false,"showFlares":false,"showImageEffects":false,"showParticleSystems":false,"showVisualEffectGraphs":true,"m_FxEnabled":true},"in2DMode":false,"pivot":{"x":0.07346107810735703,"y":1.4071030616760255,"z":-0.8442195057868958},"rotation":{"x":-0.0046743182465434078,"y":-0.972780168056488,"z":-0.23188351094722749,"w":0.02262517437338829},"size":1.4114967584609986,"orthographic":false}