{"cameraMode":{"drawMode":0,"name":"Shaded","section":"Shading Mode"},"sceneLighting":false,"audioPlay":false,"sceneViewState":{"m_AlwaysRefresh":false,"showFog":true,"showSkybox":false,"showFlares":true,"showImageEffects":true,"showParticleSystems":true,"showVisualEffectGraphs":true,"m_FxEnabled":true},"in2DMode":false,"pivot":{"x":141.24636840820313,"y":1.4704694747924805,"z":271.13677978515627},"rotation":{"x":-0.0033470781054347755,"y":0.7977012991905212,"z":-0.0031260226387530567,"w":-0.6035016179084778},"size":3.0918993949890138,"orthographic":false}