{"cameraMode":{"drawMode":0,"name":"Shaded","section":"Shading Mode"},"sceneLighting":false,"audioPlay":false,"sceneViewState":{"m_AlwaysRefresh":false,"showFog":true,"showSkybox":false,"showFlares":true,"showImageEffects":true,"showParticleSystems":true,"showVisualEffectGraphs":true,"m_FxEnabled":true},"in2DMode":false,"pivot":{"x":129.46939086914063,"y":6.727255344390869,"z":251.36260986328126},"rotation":{"x":-0.005078017711639404,"y":0.9861854910850525,"z":-0.16269372403621674,"w":-0.03078269585967064},"size":13.771404266357422,"orthographic":false}