{"cameraMode":{"drawMode":0,"name":"Shaded","section":"Shading Mode"},"sceneLighting":false,"audioPlay":false,"sceneViewState":{"m_AlwaysRefresh":false,"showFog":false,"showSkybox":false,"showFlares":false,"showImageEffects":false,"showParticleSystems":false,"showVisualEffectGraphs":true,"m_FxEnabled":true},"in2DMode":false,"pivot":{"x":-0.4853389859199524,"y":0.06542164087295532,"z":-1.6990876197814942},"rotation":{"x":0.001784907653927803,"y":-0.9963002800941467,"z":0.0884060189127922,"w":0.012477535754442215},"size":1.5872303247451783,"orthographic":false}