{"cameraMode":{"drawMode":0,"name":"Shaded","section":"Shading Mode"},"sceneLighting":true,"audioPlay":false,"sceneViewState":{"m_AlwaysRefresh":false,"showFog":true,"showSkybox":true,"showFlares":true,"showImageEffects":true,"showParticleSystems":true,"showVisualEffectGraphs":true,"m_FxEnabled":true},"in2DMode":false,"pivot":{"x":115.1712875366211,"y":12.775261878967286,"z":249.3334503173828},"rotation":{"x":-0.023596961051225663,"y":-0.9734453558921814,"z":0.12045198678970337,"w":-0.19487504661083222},"size":6.686649799346924,"orthographic":false}