{"cameraMode":{"drawMode":0,"name":"Shaded","section":"Shading Mode"},"sceneLighting":false,"audioPlay":false,"sceneViewState":{"m_AlwaysRefresh":false,"showFog":false,"showSkybox":false,"showFlares":false,"showImageEffects":false,"showParticleSystems":false,"showVisualEffectGraphs":true,"m_FxEnabled":true},"in2DMode":false,"pivot":{"x":0.26698416471481326,"y":0.8572919964790344,"z":0.3059249520301819},"rotation":{"x":0.0017799988854676486,"y":-0.9984351992607117,"z":-0.019423091784119607,"w":-0.05787434056401253},"size":1.8058332204818726,"orthographic":false}